Bank Name:,First National Bank of Omaha
Bank Code:,15545

,2024-12-31,2024-09-30,2024-06-30,2024-03-31,2023-12-31,2023-09-30,2023-06-30,2023-03-31,2022-12-31,2022-09-30,2022-06-30,2022-03-31,2021-12-31,2021-09-30,2021-06-30,2021-03-31,2020-12-31,2020-09-30,2020-06-30,2020-03-31,2019-12-31,2019-09-30,2019-06-30,2019-03-31,2018-12-31,2018-09-30,2018-06-30,2018-03-31,2017-12-31,2017-09-30,2017-06-30,2017-03-31,2016-12-31,2016-09-30,2016-06-30,2016-03-31,2015-12-31,2015-09-30,2015-06-30,2015-03-31,2014-12-31,2014-09-30,2014-06-30,2014-03-31,2013-12-31,2013-09-30,2013-06-30,2013-03-31,2012-12-31,2012-09-30,2012-06-30,2012-03-31,2011-12-31,2011-09-30,2011-06-30,2011-03-31,2010-12-31,2010-09-30,2010-06-30,2010-03-31,2009-12-31,2009-09-30,2009-06-30,2009-03-31,2008-12-31,2008-09-30,2008-06-30,2008-03-31,2007-12-31,2007-09-30,2007-06-30,2007-03-31,2006-12-31,2006-09-30,2006-06-30,2006-03-31,2005-12-31,2005-09-30,2005-06-30,2005-03-31,2004-12-31,2004-09-30,2004-06-30,2004-03-31,2003-12-31,2003-09-30,2003-06-30,2003-03-31,2002-12-31,2002-09-30,2002-06-30,2002-03-31,2001-12-31,2001-09-30,2001-06-30,2001-03-31,2000-12-31,2000-09-30,2000-06-30,2000-03-31,1999-12-31,1999-09-30,1999-06-30,1999-03-31,1998-12-31,1998-09-30,1998-06-30,1998-03-31,1997-12-31,1997-09-30,1997-06-30,1997-03-31,1996-12-31,1996-09-30,1996-06-30,1996-03-31,1995-12-31,1995-09-30,1995-06-30,1995-03-31,1994-12-31,1994-09-30,1994-06-30,1994-03-31,1993-12-31,1993-09-30,1993-06-30,1993-03-31,1992-12-31,1992-09-30,1992-06-30,1992-03-31,1991-12-31,1991-09-30,1991-06-30,1991-03-31,1990-12-31,1990-09-30,1990-06-30,1990-03-31,1989-12-31,1989-09-30,1989-06-30,1989-03-31,1988-12-31,1988-09-30,1988-06-30,1988-03-31,1987-12-31,1987-09-30,1987-06-30,1987-03-31,1986-12-31,1986-09-30,1986-06-30,1986-03-31,1985-12-31,1985-09-30,1985-06-30,1985-03-31,1984-12-31,1984-09-30,1984-06-30,1984-03-31
NIMY,2.8845142894059137,2.8465878642347127,2.7808939009269644,2.759661285080772,2.8200618746481827,2.8413845292818056,2.89656280243732,2.925761059966176,3.2154994761632327,3.2359678066828677,3.170540305326802,3.076129602681943,3.2977065958398284,3.3461386503016435,3.479500848960234,3.67936739568579,3.4913241881417068,3.6774816821114507,3.5354357048367735,2.9897447668606096,3.2242707039195087,3.2625665797716272,3.265060184248061,3.2701597918989225,3.436864317528259,3.3612136514883892,3.380883252750417,3.3971329521096023,3.531515299662449,3.460874837196195,3.4330372067480943,3.353753626923389,3.5385239570432776,3.532705087265886,3.530233082775533,3.487190991630991,3.5214271119801257,3.4397146282711217,3.457823831579479,3.331931755921665,3.607152026599658,3.561455060842721,3.510678146659471,3.4473804607223673,4.028696947607919,3.8730537511799836,3.7960733536527633,3.808247909471754,3.8841985440378908,3.9290090543850726,3.8525209007224346,3.8890796703296706,3.6878793108913963,3.805343407652464,3.6756960120391273,3.472556061420128,3.428607422821037,3.351560141621919,3.302569180662681,3.145415532886614,3.309088776886346,3.3083897648971585,3.279977874194049,3.28141225337487,3.4652023678182804,3.5113007904885687,3.41449735040421,3.6163953135073847,3.45805884120185,3.519899495916533,3.5784411520732506,3.2953859769097713,3.5730977911143325,3.6387693099897014,3.690627337078457,3.751119540593225,2.0452371681215196,1.410470495687887,3.9025931704619516,3.76445501517264,3.998871303307755,4.055395256390444,4.09302060068074,4.453891220612195,4.263336649012913,4.199938624004332,4.133461245023905,4.144289294665234,4.30033470378505,4.256623298999881,4.256935006795107,4.296979162698563,2.788560210592067,2.655578413787725,3.367487566660675,3.1888683782809824,3.6312953911923898,3.803695888831967,3.8195601914081383,3.9155625785016817,3.814527808473983,3.9934707212210707,3.5484271596614803,3.293801745356903,3.5818076140656787,3.670058603722263,3.5036761368793683,3.7286641053095675,4.014295276711318,4.121302351059615,4.061176189813249,3.994586392158471,4.2549226660040995,4.363348079787651,4.3991031390134525,4.10714688691806,4.334893256247276,4.325523890165719,4.359160857448735,4.208507970845266,4.034331674003374,4.018369042329167,3.902237592587813,3.8438747906737083,4.197182944745738,4.162098336178949,4.042998743543208,3.9883625681439425,4.115964992634589,4.122023905388976,4.02421804800822,4.367096858297484,5.022394225333739,5.1048858308131955,5.086716766908825,5.589158563662814,4.885683291791223,5.13007159151835,5.158010481671363,5.0916805576602515,5.25431233114366,4.874077665483019,5.248,5.036435753159303,5.06313062695868,4.930131673881674,4.866785612546299,4.636750707773245,4.692891021147596,4.8089505909484,4.819761952669141,4.8590183848436,5.110118033706739,5.235284561126531,5.340969862162964,5.659680059130986,5.52426833129778,4.333134088396997,4.3511363203776225,4.7989992608176495,4.724062458686487,4.31427075898168,3.7938742221953725,2.4361444285625504
ORE,0.0,152.0,0.0,0.0,0.0,0.0,0.0,0.0,0.0,0.0,0.0,0.0,0.0,0.0,22.0,78.0,78.0,145.0,153.0,153.0,153.0,213.0,226.0,261.0,249.0,270.0,121.0,158.0,208.0,199.0,168.0,226.0,118.0,118.0,118.0,118.0,126.0,0.0,0.0,0.0,0.0,0.0,0.0,0.0,1143.0,1143.0,1143.0,1143.0,1721.0,1780.0,1943.0,1943.0,578.0,690.0,690.0,690.0,690.0,690.0,690.0,0.0,0.0,0.0,0.0,0.0,0.0,18.0,18.0,18.0,33.0,71.0,18.0,18.0,18.0,18.0,18.0,52.0,52.0,18.0,18.0,18.0,502.0,502.0,483.0,483.0,483.0,483.0,483.0,483.0,537.0,0.0,0.0,0.0,0.0,0.0,0.0,0.0,0.0,0.0,0.0,0.0,0.0,0.0,0.0,0.0,0.0,0.0,0.0,0.0,0.0,0.0,0.0,0.0,0.0,0.0,0.0,0.0,0.0,0.0,0.0,0.0,22.0,22.0,22.0,22.0,0.0,0.0,0.0,0.0,0.0,0.0,0.0,0.0,0.0,0.0,0.0,14.0,14.0,14.0,263.0,263.0,263.0,263.0,263.0,263.0,263.0,263.0,249.0,249.0,255.0,249.0,249.0,249.0,249.0,249.0,288.0,288.0,128.0,128.0,0.0,0.0,0.0,0.0,0.0,0.0
OTHBRF,112315.0,145615.0,143687.0,127687.0,147287.0,168537.0,223794.0,149044.0,237888.0,174343.0,168151.0,81427.0,85377.0,88177.0,90284.0,90929.0,94729.0,96229.0,111739.0,104290.0,63066.0,61506.0,54276.0,59776.0,79126.0,82226.0,53186.0,39953.0,85853.0,63778.0,21513.0,21576.0,40326.0,57576.0,70646.0,19554.0,19554.0,15429.0,15429.0,15484.0,27184.0,13984.0,22430.0,14027.0,13129.0,20926.0,10562.0,11606.0,20353.0,13525.0,12822.0,6852.0,19548.0,6845.0,7742.0,7880.0,8876.0,11379.0,11384.0,11427.0,18131.0,14586.0,15140.0,12481.0,17186.0,18392.0,13498.0,7005.0,10386.0,7642.0,15284.0,8504.0,11860.0,9542.0,12073.0,9654.0,9460.0,9116.0,8700.0,5000.0,6900.0,6000.0,3500.0,3500.0,4490.0,5700.0,3500.0,3500.0,3500.0,3500.0,3500.0,3500.0,9000.0,3500.0,3815.0,7000.0,11000.0,8500.0,6500.0,5500.0,8500.0,6300.0,2500.0,1500.0,0.0,0.0,0.0,0.0,0.0,0.0,0.0,0.0,0.0,0.0,0.0,0.0,0.0,0.0,0.0,0.0,0.0,0.0,0.0,0.0,0.0,0.0,0.0,0.0,0.0,0.0,0.0,0.0,0.0,0.0,0.0,0.0,0.0,0.0,0.0,0.0,104.0,104.0,104.0,104.0,118.0,118.0,118.0,118.0,132.0,132.0,132.0,132.0,146.0,0.0,0.0,0.0,0.0,0.0,0.0,0.0,0.0,0.0,0.0,0.0
LNRENROT,163409.0,167057.0,166260.0,175967.0,179679.0,182406.0,180489.0,158204.0,153404.0,156815.0,146503.0,144370.0,146763.0,138880.0,135576.0,134829.0,135145.0,114425.0,119219.0,116726.0,108489.0,98859.0,87353.0,87157.0,87241.0,89660.0,85288.0,90109.0,89991.0,77471.0,79196.0,74492.0,71310.0,52278.0,50299.0,52078.0,51225.0,39668.0,46863.0,45354.0,42360.0,38701.0,24393.0,24292.0,24091.0,24073.0,25188.0,19223.0,19481.0,17564.0,14280.0,11394.0,13280.0,12235.0,11743.0,8801.0,8277.0,7120.0,7292.0,7131.0,7827.0,6870.0,7841.0,7979.0,8910.0,6998.0,6444.0,6495.0,6582.0,5020.0,4916.0,6648.0,,,,,,,,,,,,,,,,,,,,,,,,,,,,,,,,,,,,,,,,,,,,,,,,,,,,,,,,,,,,,,,,,,,,,,,,,,,,,,,,,,,,,,,,,,,,
IDT1RWAJR,10.443704425198094,10.407711892598705,10.306854341231126,10.122474814246807,10.020444928568436,9.895503456332705,10.173427841598691,10.327940438769655,10.326122153739782,10.10750116788646,9.748152024596061,9.590720482836664,9.7153425603314,10.193309903112297,10.434981137408812,10.168425586905018,10.071218031697162,10.262830951910477,9.767734583943296,9.651821631946051,9.855180498509736,9.892547380732129,10.393634551035131,10.580664185685851,10.631167148410245,10.543642635039845,10.81123402461815,10.550458715596331,10.375551584551985,10.338786617002656,10.409870918521634,10.516010793294459,9.997629681959092,10.150287248219444,10.077520653552675,10.36277887366988,10.257179460936038,10.4713649117016,9.854900780145558,9.74887205243892,9.754915684965434,9.786767403513156,9.810077916752103,9.800579968770911,9.46975615584702,9.657507565996465,10.303681596472082,9.820657110574475,9.340447091887292,9.67472840968428,9.554806229092787,10.212571990854629,10.488043531821734,9.517617412047457,9.812564858436417,9.888824977133211,10.300900505161433,10.01676759262226,9.478320352346778,10.20196789228379,10.190837595556289,9.701197262562463,10.46124153737127,9.293349616295023,8.937737786098195,9.160133658912736,9.006458022851465,9.07668769661859,8.869917026674894,9.168299198575244,9.042852125043906,9.403565762635038,9.124347858724619,9.318524824890678,9.582113918254395,10.062799361362426,10.045197020816092,10.767501966513091,13.600244498777506,16.105479928324996,14.729438340692063,16.418579878339358,16.55330775491222,16.64686664686665,15.349812403442947,15.345125830031806,16.380518570427473,15.08175857012423,14.974201645516663,13.722413444017006,13.71819217622484,12.977637335926106,10.739776451048167,5.3295902623007025,13.095407618369526,13.058035714285715,12.099735234078675,13.471349184658832,13.838188959984453,14.013934041711993,14.434616639882341,14.430928736180205,14.529506728802149,15.030039759501301,15.866387356180203,15.212171512518141,14.743397275507366,15.143720444359577,14.962794668244056,15.315737150580913,15.771846772661814,16.696609496751552,16.47924330005255,17.115183231683016,17.617823873561463,18.94912702521574,17.637527639537787,17.889166451677855,18.69713407254326,18.310084867413845,17.97934361017825,17.331594726819784,17.44624895401062,17.40697769309646,16.342216427995194,16.883430185118172,17.54663115965742,18.950095148675043,18.226940690179173,17.981136863826798,18.40836947673542,19.644117168135185,19.332498880798152,19.43645668609553,19.673511478186008,20.452498817112943,20.76302426766077,21.034317504636093,22.48984991560604,23.885015048116816,0.0,0.0,0.0,0.0,0.0,0.0,0.0,0.0,0.0,0.0,0.0,0.0,0.0,0.0,0.0,0.0,0.0,0.0,0.0,0.0,0.0,0.0,0.0,0.0
LNATRES,13788.0,13496.0,13507.0,13183.0,12858.0,12531.0,12210.0,11881.0,11556.0,11250.0,10941.0,10717.0,10424.0,10233.0,10030.0,9794.0,9875.0,9753.0,9583.0,8368.0,8237.0,7894.0,7558.0,7203.0,7704.0,7113.0,7054.0,6695.0,6827.0,7045.0,6694.0,6326.0,5881.0,5452.0,5110.0,4941.0,5232.0,2599.0,2558.0,2449.0,2309.0,2365.0,2256.0,2151.0,2035.0,1992.0,1802.0,1693.0,1642.0,1431.0,1245.0,1066.0,905.0,943.0,871.0,892.0,842.0,786.0,729.0,647.0,615.0,561.0,767.0,762.0,758.0,769.0,893.0,897.0,895.0,907.0,898.0,895.0,888.0,925.0,920.0,902.0,900.0,893.0,1097.0,1090.0,1087.0,1092.0,1083.0,1182.0,1153.0,1389.0,1423.0,1427.0,1433.0,1165.0,1196.0,1200.0,1193.0,1060.0,841.0,824.0,785.0,731.0,765.0,732.0,670.0,717.0,745.0,588.0,536.0,593.0,617.0,637.0,619.0,650.0,692.0,664.0,632.0,605.0,618.0,575.0,538.0,529.0,620.0,526.0,464.0,451.0,493.0,579.0,439.0,414.0,409.0,373.0,427.0,393.0,351.0,253.0,256.0,367.0,292.0,232.0,256.0,285.0,269.0,273.0,256.0,229.0,269.0,276.0,256.0,300.0,285.0,282.0,256.0,212.0,158.0,244.0,224.0,126.0,162.0,213.0,209.0,136.0,203.0,215.0,167.0,99.0,181.0,177.0
ELNATR,1276.0,957.0,638.0,319.0,1271.0,952.0,638.0,319.0,1165.0,861.0,558.0,254.0,1150.0,925.0,700.0,475.0,1729.0,1609.0,1439.0,318.0,2581.0,1983.0,1171.0,323.0,2656.0,2103.0,840.0,420.0,3574.0,2968.0,2272.0,1293.0,2537.0,730.0,375.0,150.0,690.0,315.0,240.0,135.0,430.0,315.0,210.0,105.0,410.0,345.0,240.0,135.0,740.0,545.0,350.0,165.0,265.0,190.0,120.0,60.0,185.0,125.0,70.0,30.0,45.0,15.0,0.0,0.0,-125.0,-125.0,0.0,0.0,0.0,0.0,0.0,0.0,1.0,1.0,1.0,1.0,2.0,0.0,-32.0,-19.0,-150.0,-150.0,-150.0,0.0,-320.0,0.0,0.0,0.0,0.0,0.0,0.0,0.0,6882.0,6697.0,75.0,45.0,180.0,135.0,90.0,45.0,350.0,313.0,275.0,38.0,337.0,307.0,277.0,30.0,120.0,90.0,60.0,30.0,120.0,90.0,60.0,30.0,120.0,90.0,60.0,30.0,120.0,90.0,60.0,30.0,120.0,90.0,60.0,30.0,285.0,255.0,225.0,30.0,243.0,105.0,90.0,75.0,57.0,45.0,30.0,15.0,3.0,0.0,0.0,0.0,71.0,0.0,0.0,0.0,142.0,90.0,60.0,30.0,76.0,0.0,0.0,0.0,277.0,227.0,203.0,77.0,543.0,99.0,0.0,0.0
RBC1AAJ,9.656318076160108,9.768801048641897,9.666662801887558,9.608681329024567,9.494822622622305,9.469025182652835,9.6091970493994,9.78883440766059,9.749321372962397,9.484277670412936,9.231629708229384,8.94007596196283,8.929268110468254,8.977328632338471,9.068645513863457,9.298679607979075,9.533829014750387,9.418433537048,9.252349844501973,9.28593182697013,9.231472988979892,9.448593315903258,9.597459293636435,9.841990239789302,9.786211352193765,9.598184075080916,9.662508681543333,9.471396816742509,9.514681292221256,9.369797376862794,9.044906429932817,9.083029109621869,8.925392827653738,8.873343459539305,8.877004573611996,9.12313743715021,9.326034149143384,9.39921246077859,8.881201579535636,9.002691688468504,9.109008456425778,8.639097476778533,8.473075433062151,8.725042795127512,9.380178080445747,9.590882263960046,9.149703085830692,9.524397842762296,9.28787743831834,8.924302320800267,9.014153986263423,9.46140697791333,11.4943681530628,9.033339858878003,9.157681825194123,9.224936444964419,9.549105986006738,9.08219390324205,8.42669056611826,8.522992497125227,8.84962091815414,7.878045007199725,8.484566844396616,7.6313574010795815,7.539864486219369,7.286994082991476,7.319239412738357,7.144210212973236,7.285066599081974,7.183623348171301,7.407673826410968,7.424030059940953,7.269736842105264,7.456147141242588,7.610208082980203,7.653325561815945,7.625644329896907,8.312801471353715,10.063144710978133,11.038199281472249,10.521104550955297,10.797706616521948,10.68420163968257,10.705963250181457,10.646155023630484,10.471602916817394,10.897224218643771,10.451338292813867,10.392953929539296,10.512030089765215,9.918353897411489,9.335221709329975,8.013867256192533,3.46422253485813,9.953863430341897,9.67225792687805,9.867725231103114,10.121925133689839,10.187726264159757,10.089672871006755,10.29099905749293,10.457011243446374,10.27850130234422,10.52340378444174,11.340172557206465,11.025154400411735,10.742181169988656,10.828915662650603,11.19549363778102,11.401294665086969,11.405521941720565,12.023543127926436,12.34548460751122,12.717247013172676,12.754432384008,12.559206786939772,12.43317517229534,12.822478802092729,12.264484741264928,12.478215406064832,12.228172293364377,12.078743085576162,12.007522331922896,11.731509600899113,11.75476825894278,11.978956906967378,11.858762519701052,11.943571183261565,11.809401503598469,12.174647887323943,12.613995218841307,13.257020757020758,13.224586731664637,13.732813858389415,13.680471037136938,14.044649407818888,14.22929120409906,14.997771504976972,14.752749307997307,15.06758340495351,15.413416536661467,15.50711130921026,15.208956430361328,15.083705590113974,15.394459810923502,15.073364123104591,14.40798280128179,13.79393355801637,14.152566102644107,14.22065824880977,13.9624041553302,14.510016242555496,14.739583333333334,15.670048051254671,15.850912266188704,15.674321897741233,17.37149595326151,16.06723789772417,15.231026552372986,15.492661370929559,15.43223052294557,17.034373808356484,16.67849151339846,15.96218020022247
CHBALI,13773.0,12948.0,21081.0,11004.0,14195.0,13365.0,15817.0,12444.0,19059.0,9257.0,15452.0,27367.0,8682.0,29305.0,70169.0,66953.0,34917.0,7780.0,11433.0,11961.0,45392.0,53765.0,19532.0,16344.0,28251.0,16187.0,18251.0,18093.0,19014.0,19026.0,27047.0,54848.0,22908.0,20989.0,22944.0,26435.0,24472.0,17977.0,11247.0,16526.0,1717.0,1318.0,3638.0,14213.0,379.0,127.0,462.0,7750.0,426.0,121.0,226.0,118.0,194.0,156.0,223.0,10389.0,266.0,3054.0,2932.0,2623.0,120.0,140.0,144.0,948.0,107.0,120.0,140.0,122.0,122.0,134.0,144.0,136.0,121.0,126.0,129.0,130.0,123.0,135.0,137.0,248.0,152.0,127.0,148.0,1629.0,130.0,144.0,738.0,1329.0,128.0,125.0,120.0,116.0,114.0,125.0,128.0,129.0,130.0,123.0,117.0,117.0,122.0,121.0,676.0,1055.0,0.0,0.0,0.0,0.0,0.0,0.0,0.0,0.0,100.0,100.0,100.0,300.0,300.0,300.0,900.0,300.0,200.0,0.0,0.0,0.0,0.0,0.0,0.0,0.0,0.0,0.0,0.0,0.0,0.0,0.0,0.0,0.0,0.0,0.0,0.0,0.0,0.0,0.0,0.0,0.0,0.0,0.0,0.0,0.0,0.0,0.0,0.0,0.0,0.0,0.0,0.0,0.0,0.0,0.0,0.0,0.0,0.0,0.0,0.0,0.0
SCHTMRES,0.0,0.0,0.0,0.0,0.0,0.0,0.0,0.0,0.0,0.0,0.0,0.0,0.0,0.0,0.0,0.0,0.0,0.0,0.0,0.0,0.0,0.0,0.0,0.0,,,,,,,,,,,,,,,,,,,,,,,,,,,,,,,,,,,,,,,,,,,,,,,,,,,,,,,,,,,,,,,,,,,,,,,,,,,,,,,,,,,,,,,,,,,,,,,,,,,,,,,,,,,,,,,,,,,,,,,,,,,,,,,,,,,,,,,,,,,,
SC,86180.0,89738.0,88569.0,90898.0,91300.0,90553.0,94626.0,99459.0,102687.0,104231.0,110330.0,117976.0,128789.0,130567.0,106171.0,91488.0,75186.0,58573.0,62447.0,63146.0,65274.0,64285.0,58011.0,69778.0,59963.0,74786.0,78382.0,81078.0,84633.0,87482.0,89989.0,92494.0,98010.0,102623.0,113537.0,107092.0,73810.0,28436.0,26335.0,26549.0,29632.0,30887.0,31978.0,25556.0,4023.0,4067.0,4333.0,4782.0,5048.0,5216.0,6378.0,7707.0,8281.0,6748.0,7125.0,7467.0,7795.0,8029.0,11316.0,11509.0,13508.0,14239.0,14545.0,14825.0,12289.0,12806.0,13704.0,11039.0,8441.0,8781.0,9148.0,9664.0,10044.0,10450.0,10976.0,11493.0,11977.0,12672.0,13301.0,13761.0,15111.0,15976.0,17311.0,15581.0,13457.0,12560.0,10700.0,9963.0,6879.0,5190.0,6187.0,6294.0,6590.0,7323.0,8749.0,10807.0,15073.0,15508.0,16107.0,17434.0,17532.0,17178.0,15374.0,13240.0,11708.0,12563.0,12986.0,12720.0,13113.0,12905.0,12337.0,11006.0,10771.0,10909.0,11802.0,11746.0,11182.0,11550.0,12055.0,12693.0,12575.0,11345.0,11048.0,10872.0,11327.0,11826.0,12475.0,11813.0,11035.0,10351.0,9891.0,9090.0,7661.0,6382.0,6861.0,7262.0,6534.0,7332.0,7531.0,7930.0,8329.0,8778.0,9376.0,10209.0,11058.0,12122.0,13161.0,13609.0,15089.0,13849.0,14689.0,15107.0,14697.0,13890.0,13465.0,13368.0,12390.0,10509.0,10310.0,9928.0,9445.0,9975.0,9789.0,9021.0
NTLNLS,31.0,4.0,-10.0,-6.0,-31.0,-22.0,-16.0,-5.0,33.0,36.0,41.0,-39.0,601.0,567.0,545.0,556.0,91.0,93.0,94.0,187.0,2048.0,1793.0,1317.0,824.0,1399.0,1437.0,613.0,552.0,2628.0,1804.0,1459.0,642.0,1887.0,509.0,496.0,440.0,266.0,25.0,-9.0,-5.0,156.0,-15.0,-11.0,-11.0,17.0,-5.0,80.0,84.0,3.0,19.0,10.0,4.0,202.0,89.0,91.0,10.0,-42.0,-46.0,-44.0,-2.0,187.0,211.0,-10.0,-5.0,13.0,1.0,1.0,-2.0,-8.0,-20.0,-11.0,-8.0,14.0,-24.0,-19.0,-1.0,-14.0,-9.0,-42.0,-22.0,-84.0,-89.0,-80.0,-29.0,-40.0,44.0,9.0,6.0,-240.0,29.0,-4.0,-7.0,6474.0,6422.0,19.0,6.0,65.0,74.0,-5.0,-17.0,216.0,131.0,66.0,-15.0,420.0,333.0,279.0,12.0,133.0,72.0,0.0,-2.0,26.0,24.0,-20.0,-6.0,46.0,25.0,-96.0,-32.0,95.0,78.0,6.0,-110.0,108.0,104.0,78.0,84.0,114.0,118.0,131.0,33.0,243.0,-6.0,54.0,99.0,57.0,16.0,17.0,-2.0,3.0,27.0,-13.0,-20.0,71.0,-44.0,-29.0,-26.0,110.0,102.0,126.0,10.0,76.0,98.0,61.0,10.0,235.0,258.0,190.0,29.0,485.0,148.0,-17.0,-12.0
INTAN,15213.0,15213.0,15213.0,15213.0,15213.0,15213.0,15213.0,15213.0,15213.0,15213.0,15213.0,15213.0,15213.0,15213.0,15213.0,15213.0,15213.0,15213.0,15213.0,15213.0,15213.0,15213.0,15213.0,15213.0,15218.0,15223.0,15228.0,15233.0,15238.0,15243.0,15248.0,15254.0,15259.0,15213.0,15213.0,15213.0,15279.0,3526.0,3526.0,3526.0,3526.0,3526.0,3526.0,3526.0,3526.0,3526.0,3526.0,3533.0,3540.0,3547.0,3554.0,3561.0,3568.0,3575.0,3582.0,3589.0,3596.0,3603.0,3610.0,3617.0,3624.0,3631.0,3638.0,3645.0,3652.0,3659.0,3666.0,3673.0,3679.0,3687.0,3694.0,3701.0,3708.0,3715.0,3722.0,3719.0,3726.0,3665.0,0.0,0.0,0.0,0.0,0.0,0.0,0.0,0.0,0.0,0.0,0.0,0.0,0.0,0.0,0.0,0.0,0.0,0.0,0.0,0.0,0.0,0.0,0.0,0.0,0.0,0.0,0.0,0.0,0.0,0.0,0.0,0.0,0.0,0.0,0.0,0.0,0.0,0.0,0.0,0.0,0.0,0.0,0.0,0.0,0.0,0.0,0.0,0.0,0.0,0.0,0.0,0.0,0.0,0.0,0.0,0.0,0.0,0.0,0.0,0.0,0.0,0.0,0.0,0.0,0.0,0.0,0.0,0.0,0.0,0.0,0.0,0.0,0.0,0.0,0.0,0.0,0.0,0.0,0.0,0.0,0.0,0.0,0.0,0.0,0.0,0.0
NCLNLSR,0.09958636569082611,0.11249839408753744,0.11885099354662944,0.10453719005413165,0.11658289357174637,0.05288684338065438,0.05680540598113587,0.05018811107798779,0.05191004047450758,0.19391007554028233,0.0473174565778194,0.11233409774307765,0.1056060259052854,0.1353133522831083,0.5089150609454058,0.5928400456013335,0.6378746415249948,0.6020211703060004,1.1559052563270604,1.3134869086874867,1.465380323514153,1.6137228598671647,1.8009968503562082,1.3578766660550745,1.54173820442049,2.1170179069955877,1.9222513136492543,1.6292239564073336,0.9283718489958271,2.5780166242664713,1.442420445469291,0.9492417910043689,0.5596341113530117,0.9139676096140137,1.0068952796358686,1.1234482616599177,0.4164859495178877,0.08407865558229724,0.08457910582830093,0.14179306031357944,0.1188575227057608,0.14428381475089824,0.1895427068747652,0.18220467658669906,0.11140684942362106,0.13613389886470423,0.5782214215705063,0.6195951286207951,0.683112815741098,0.7875256938927352,0.8697236316528122,1.18415710569448,2.192607607191208,0.2599468466895575,0.2213249588754299,0.33090450884786066,0.12302284710017575,0.12782615642725892,0.15864689551054875,1.149085794655415,1.9134126617375231,2.0565076424270496,1.7049935333270243,0.25765959203897926,0.14400651159878533,0.16289506044684351,0.17477770990293898,0.15593055892442567,0.153480292118534,0.1898028836107822,0.30803841827463874,0.383689437255492,0.40041552554537724,0.4558135879602342,0.5410987195373812,0.6062588594482607,0.685317718499241,0.707471078951007,1.3209882420145667,1.6615967399414566,1.6290762014436986,2.4299467872412417,2.3003667717650087,1.964802706483198,1.2992831541218637,2.0464700625558536,3.7602712527109996,3.9626543397603555,3.841612670986321,5.080955844715644,3.7706500750911824,4.469993813157352,5.419881550694887,4.0203015752674585,2.5791428926927247,1.2154072888047889,1.199705020055039,1.4070988032512355,1.5723804269405424,1.8606625120060754,1.8607111642669858,1.8224064877670965,1.3141653960647643,1.1642094560244027,0.8341330183804532,1.0555713339013537,1.206755913823713,0.2906906324943679,0.6215837082184492,0.2932551319648094,0.4980962812288114,0.3769458751762438,0.4014361235970938,0.5178935117835322,0.701593137254902,0.6481062057911425,0.734470719978921,0.7446735158243122,0.7390148895118134,0.9183635063419775,1.0088600997691906,1.1493395029479814,1.3241766580664744,1.8694131364166342,2.1812893843916625,2.8826036419992254,0.8952915801896391,1.222997985099105,3.822909989927662,3.217438791298808,3.3880758552538706,3.9444083387491875,2.813798628148,3.8753282116113974,3.8187702265372168,1.6665770657491534,2.1467943138961414,1.5208907254361799,2.6292504108203767,1.6023206022515366,0.7464769080507884,0.9043736100815418,0.4804951543285284,0.20410056591520548,0.25365853658536586,1.5513009327442318,1.7072082124525774,1.7598097502972654,0.025926886180969663,0.38517731438438035,0.19254572961078256,1.0184595798854232,1.9041256054785367,1.8535020495455357,3.5728623042954633,3.401748384644622,1.2195121951219512,1.6558966074313408,5.290624437646212,0.8006042296072509,0.6512813252159139,0.719010641357492,0.1536806516059628,0.2074996294649474
LNCOMRE,0.0,0.0,0.0,0.0,0.0,0.0,0.0,0.0,0.0,0.0,0.0,0.0,0.0,0.0,0.0,0.0,0.0,0.0,0.0,0.0,0.0,0.0,0.0,0.0,0.0,0.0,0.0,0.0,0.0,0.0,0.0,201.0,0.0,0.0,0.0,0.0,0.0,0.0,0.0,0.0,0.0,0.0,0.0,0.0,0.0,0.0,0.0,0.0,0.0,0.0,0.0,0.0,0.0,0.0,0.0,0.0,0.0,0.0,0.0,0.0,0.0,0.0,0.0,0.0,0.0,0.0,0.0,0.0,0.0,0.0,0.0,0.0,0.0,0.0,0.0,0.0,0.0,0.0,0.0,0.0,0.0,0.0,0.0,0.0,0.0,0.0,0.0,0.0,0.0,0.0,0.0,0.0,0.0,0.0,0.0,0.0,0.0,0.0,0.0,0.0,0.0,0.0,0.0,0.0,0.0,0.0,0.0,0.0,0.0,0.0,0.0,0.0,0.0,0.0,0.0,0.0,0.0,0.0,0.0,0.0,0.0,0.0,0.0,0.0,0.0,0.0,0.0,0.0,0.0,0.0,0.0,0.0,0.0,0.0,0.0,0.0,,,,,,,,,,,,,,,,,,,,,,,,,,,,
PTAXNETINC,15162.0,10835.0,6632.0,3029.0,12848.0,9736.0,6717.0,3341.0,17678.0,13380.0,8456.0,3894.0,17380.0,13443.0,9621.0,4971.0,16110.0,12638.0,7063.0,2366.0,10214.0,7363.0,4846.0,2450.0,10302.0,6658.0,4960.0,2323.0,9452.0,6559.0,4206.0,1880.0,10819.0,9074.0,5867.0,2786.0,12026.0,4648.0,2960.0,1441.0,5250.0,3810.0,2438.0,1428.0,3947.0,2869.0,1880.0,1063.0,2126.0,1562.0,853.0,415.0,942.0,650.0,396.0,185.0,290.0,114.0,118.0,-50.0,908.0,789.0,511.0,260.0,1241.0,964.0,507.0,285.0,821.0,615.0,410.0,130.0,793.0,593.0,418.0,224.0,408.0,218.0,670.0,485.0,656.0,486.0,341.0,118.0,828.0,373.0,243.0,103.0,581.0,450.0,319.0,177.0,-6782.0,-6624.0,230.0,78.0,724.0,590.0,398.0,176.0,438.0,374.0,54.0,51.0,361.0,328.0,104.0,185.0,585.0,580.0,436.0,193.0,756.0,668.0,487.0,260.0,860.0,677.0,464.0,196.0,725.0,598.0,445.0,141.0,542.0,436.0,309.0,135.0,287.0,160.0,88.0,135.0,471.0,417.0,299.0,150.0,485.0,458.0,312.0,149.0,618.0,443.0,342.0,131.0,595.0,492.0,326.0,148.0,437.0,333.0,208.0,101.0,449.0,388.0,291.0,135.0,406.0,101.0,31.0,59.0,0.0,245.0,193.0,34.0
IGLSEC,-100.0,-136.0,-175.0,0.0,71.0,68.0,89.0,-3.0,-51.0,-51.0,-1.0,1.0,-61.0,-59.0,-59.0,13.0,611.0,-323.0,7.0,3.0,-57.0,-60.0,52.0,5.0,-78.0,18.0,-15.0,9.0,-41.0,-46.0,-54.0,0.0,-38.0,-27.0,11.0,6.0,-26.0,-3.0,40.0,38.0,-70.0,-58.0,-36.0,-46.0,-41.0,-1.0,-18.0,-3.0,-60.0,-52.0,-43.0,-10.0,-43.0,-33.0,-26.0,-15.0,-160.0,-145.0,-132.0,-127.0,-82.0,0.0,0.0,0.0,0.0,0.0,0.0,0.0,0.0,0.0,0.0,0.0,-8.0,-2.0,0.0,0.0,0.0,0.0,-111.0,0.0,0.0,0.0,0.0,0.0,-2.0,-2.0,-2.0,-2.0,-6.0,-8.0,9.0,0.0,41.0,41.0,22.0,22.0,16.0,-2.0,-2.0,0.0,0.0,0.0,0.0,0.0,6.0,6.0,5.0,0.0,2.0,0.0,0.0,0.0,-4.0,-4.0,0.0,0.0,0.0,0.0,0.0,0.0,0.0,0.0,0.0,0.0,0.0,0.0,0.0,0.0,0.0,0.0,0.0,0.0,6.0,6.0,2.0,0.0,6.0,4.0,-2.0,0.0,8.0,6.0,0.0,0.0,6.0,0.0,0.0,0.0,0.0,3.0,3.0,1.0,4.0,0.0,0.0,0.0,0.0,0.0,0.0,0.0,0.0,0.0,0.0,0.0
IDT1CER,10.443704425198094,10.407711892598705,10.306854341231126,10.122474814246807,10.020444928568436,9.895503456332705,10.173427841598691,10.327940438769655,10.326122153739782,10.10750116788646,9.748152024596061,9.590720482836664,9.7153425603314,10.193309903112297,10.434981137408812,10.168425586905018,10.071218031697162,10.262830951910477,9.767734583943296,9.651821631946051,9.855180498509736,9.892547380732129,10.393634551035131,10.580664185685851,10.631167148410245,10.543642635039845,10.81123402461815,10.550458715596331,10.375551584551985,10.338786617002656,10.409870918521634,10.516010793294459,9.997629681959092,10.150287248219444,10.077520653552675,10.36277887366988,10.257179460936038,10.4713649117016,9.854900780145558,9.74887205243892,0.0,0.0,0.0,0.0,0.0,0.0,0.0,0.0,0.0,0.0,0.0,0.0,0.0,0.0,0.0,0.0,0.0,0.0,0.0,0.0,0.0,0.0,0.0,0.0,0.0,0.0,0.0,0.0,0.0,0.0,0.0,0.0,0.0,0.0,0.0,0.0,0.0,0.0,0.0,0.0,0.0,0.0,0.0,0.0,0.0,0.0,0.0,0.0,0.0,0.0,0.0,0.0,0.0,0.0,0.0,0.0,0.0,0.0,0.0,0.0,0.0,0.0,0.0,0.0,0.0,0.0,0.0,0.0,0.0,0.0,0.0,0.0,0.0,0.0,0.0,0.0,0.0,0.0,0.0,0.0,0.0,0.0,0.0,0.0,0.0,0.0,0.0,0.0,0.0,0.0,0.0,0.0,0.0,0.0,0.0,0.0,0.0,0.0,0.0,0.0,0.0,0.0,0.0,0.0,0.0,0.0,0.0,0.0,0.0,0.0,0.0,0.0,0.0,0.0,0.0,0.0,0.0,0.0,0.0,0.0,0.0,0.0,0.0,0.0
EQCBHCTR,0.0,0.0,0.0,0.0,0.0,0.0,0.0,0.0,1250.0,1250.0,1250.0,0.0,0.0,0.0,0.0,0.0,0.0,0.0,0.0,0.0,0.0,0.0,0.0,0.0,0.0,0.0,0.0,0.0,0.0,0.0,0.0,0.0,0.0,0.0,0.0,0.0,0.0,0.0,0.0,0.0,1500.0,0.0,0.0,0.0,250.0,0.0,0.0,0.0,1250.0,0.0,0.0,0.0,4000.0,0.0,0.0,0.0,2750.0,2000.0,500.0,250.0,1575.0,575.0,950.0,200.0,350.0,150.0,150.0,0.0,150.0,150.0,150.0,150.0,0.0,0.0,0.0,0.0,0.0,0.0,0.0,0.0,0.0,0.0,0.0,0.0,0.0,0.0,0.0,0.0,0.0,0.0,0.0,0.0,3500.0,1000.0,0.0,0.0,0.0,,,,0.0,,,,0.0,,,,0.0,,,,0.0,,,,0.0,,,,0.0,,,,0.0,,,,0.0,,,,0.0,,,,0.0,,,,0.0,,,,0.0,,,,0.0,,,,0.0,,,,0.0,,,,0.0,,,
ASSET,1333547.0,1322335.0,1320328.0,1296850.0,1293191.0,1273832.0,1239670.0,1198294.0,1196346.0,1170017.0,1163972.0,1135606.0,1106372.0,1091192.0,1094082.0,1066478.0,989887.0,956968.0,964049.0,883938.0,893857.0,877320.0,825757.0,815969.0,806125.0,800058.0,784075.0,778813.0,787150.0,765129.0,751144.0,768086.0,738781.0,739572.0,721821.0,694035.0,651502.0,342170.0,333954.0,334468.0,318272.0,289317.0,277468.0,272780.0,237222.0,212646.0,202978.0,197708.0,193903.0,177351.0,167395.0,153988.0,155546.0,121490.0,117779.0,119343.0,114377.0,108711.0,102000.0,93823.0,93195.0,86973.0,86396.0,86741.0,85618.0,84064.0,81639.0,76890.0,76860.0,74445.0,75801.0,71116.0,72065.0,69234.0,67525.0,65334.0,66735.0,64459.0,60393.0,54333.0,56601.0,53934.0,54458.0,53758.0,53590.0,54832.0,52265.0,54514.0,52947.0,51533.0,52701.0,56956.0,65705.0,63130.0,70631.0,73892.0,76927.0,70346.0,68535.0,69011.0,71064.0,66879.0,65439.0,64483.0,59632.0,60645.0,59966.0,61805.0,61705.0,59580.0,57908.0,56119.0,52341.0,48988.0,49095.0,48048.0,46567.0,46103.0,43826.0,45174.0,41946.0,42502.0,41437.0,41947.0,41700.0,39702.0,39076.0,38755.0,37999.0,36166.0,34668.0,33643.0,32477.0,30852.0,30232.0,28861.0,28200.0,27509.0,26209.0,25636.0,25321.0,24348.0,24533.0,23822.0,23851.0,24065.0,23912.0,24061.0,24942.0,24441.0,23980.0,24007.0,23175.0,22781.0,22260.0,20724.0,20700.0,19031.0,18657.0,19021.0,18836.0,18650.0,18222.0,17897.0
LNLSGR,1196951.0,1183128.0,1174580.0,1159396.0,1148539.0,1130716.0,1098487.0,1060012.0,1044114.0,1027796.0,1010198.0,966759.0,943128.0,903089.0,884234.0,880676.0,853616.0,863757.0,862960.0,780594.0,753661.0,732034.0,714049.0,703083.0,690195.0,678785.0,661516.0,654422.0,655664.0,629321.0,609739.0,590998.0,592530.0,587767.0,552987.0,534159.0,527989.0,285447.0,287305.0,281396.0,276802.0,247429.0,234248.0,223924.0,214529.0,196865.0,182629.0,173339.0,176252.0,158598.0,148208.0,133006.0,132217.0,103098.0,100305.0,91265.0,96730.0,87619.0,78161.0,71100.0,69248.0,64770.0,63402.0,60545.0,63886.0,62617.0,58932.0,57718.0,59291.0,57428.0,57785.0,53168.0,52945.0,50898.0,48420.0,45855.0,46110.0,43394.0,42014.0,34846.0,35603.0,32511.0,31082.0,30741.0,33480.0,33570.0,32737.0,32882.0,34725.0,37119.0,37288.0,38792.0,42381.0,47484.0,56259.0,54961.0,55597.0,48966.0,47126.0,44769.0,43478.0,43898.0,41319.0,39340.0,40641.0,42252.0,41682.0,41281.0,41346.0,40238.0,38346.0,34753.0,35373.0,34370.0,32640.0,28699.0,30362.0,29006.0,27469.0,26569.0,26862.0,26798.0,26356.0,25730.0,26819.0,25810.0,24573.0,21341.0,21842.0,21974.0,21251.0,20003.0,19973.0,20566.0,20085.0,18601.0,17235.0,17424.0,15822.0,14479.0,14334.0,13490.0,12279.0,10779.0,10250.0,10185.0,8962.0,8410.0,7714.0,7529.0,7271.0,6284.0,5987.0,5611.0,4982.0,5262.0,5084.0,4952.0,5557.0,6620.0,7063.0,6954.0,6507.0,6747.0
NETINC,14613.0,10356.0,6222.0,2914.0,12563.0,9527.0,6632.0,3266.0,17059.0,12900.0,8167.0,3752.0,16981.0,13148.0,9405.0,4905.0,16407.0,12079.0,6913.0,2290.0,9838.0,7062.0,4759.0,2386.0,9946.0,6468.0,4806.0,2263.0,9097.0,6285.0,4003.0,1803.0,10495.0,8836.0,5739.0,2723.0,11751.0,4546.0,2938.0,1453.0,5071.0,3669.0,2359.0,1361.0,3811.0,2793.0,1807.0,1040.0,1999.0,1466.0,783.0,391.0,871.0,592.0,353.0,162.0,128.0,-54.0,-28.0,-183.0,796.0,767.0,498.0,253.0,1211.0,941.0,492.0,277.0,793.0,596.0,398.0,124.0,762.0,573.0,406.0,216.0,398.0,213.0,354.0,316.0,446.0,316.0,223.0,88.0,598.0,282.0,185.0,81.0,434.0,332.0,244.0,130.0,-4404.0,-5696.0,173.0,71.0,466.0,380.0,261.0,123.0,365.0,277.0,46.0,34.0,275.0,233.0,8.0,119.0,406.0,368.0,288.0,122.0,481.0,436.0,331.0,174.0,539.0,434.0,294.0,118.0,451.0,396.0,307.0,105.0,387.0,345.0,251.0,107.0,182.0,90.0,41.0,111.0,313.0,346.0,240.0,101.0,247.0,286.0,192.0,105.0,417.0,292.0,228.0,78.0,391.0,350.0,214.0,100.0,322.0,219.0,159.0,77.0,317.0,272.0,208.0,76.0,354.0,57.0,27.0,59.0,0.0,245.0,110.0,20.0
DEP,1076248.0,1029395.0,1034001.0,1030545.0,1009302.0,975728.0,895016.0,929860.0,841745.0,883724.0,885416.0,945569.0,906550.0,888371.0,889665.0,859592.0,781183.0,750468.0,747269.0,680884.0,732100.0,718790.0,675297.0,661598.0,633491.0,626875.0,640369.0,650082.0,612548.0,614332.0,643923.0,663715.0,617365.0,598408.0,570866.0,597131.0,556360.0,290749.0,283724.0,285902.0,259732.0,246914.0,227634.0,232669.0,199567.0,168403.0,169917.0,164371.0,152839.0,144617.0,136567.0,129332.0,117612.0,100445.0,95784.0,97343.0,91504.0,84420.0,79266.0,71702.0,64484.0,62647.0,61787.0,65786.0,59999.0,56588.0,58975.0,60547.0,57344.0,57781.0,51631.0,53772.0,51550.0,51096.0,47059.0,47235.0,48807.0,45702.0,45182.0,42685.0,43262.0,41322.0,41297.0,43786.0,42649.0,42564.0,42035.0,44442.0,42915.0,41334.0,42465.0,46788.0,50076.0,56691.0,58250.0,58798.0,58035.0,52511.0,53177.0,55556.0,55244.0,53157.0,55771.0,55689.0,52021.0,53059.0,52264.0,54444.0,54536.0,52346.0,50804.0,49153.0,45571.0,42292.0,42546.0,41502.0,40218.0,39866.0,37771.0,39351.0,36426.0,36992.0,36025.0,36674.0,36602.0,33638.0,33504.0,33895.0,33248.0,31473.0,30046.0,28969.0,27933.0,26300.0,25769.0,24546.0,23972.0,23221.0,22021.0,21500.0,20978.0,20129.0,20377.0,19781.0,19716.0,19994.0,19976.0,20219.0,20973.0,20568.0,20185.0,20287.0,19348.0,18999.0,18540.0,17141.0,17275.0,16004.0,15603.0,15929.0,15774.0,15370.0,15015.0,14892.0
NAASSET,1192.0,1305.0,1370.0,1058.0,1339.0,598.0,460.0,532.0,542.0,1993.0,463.0,1086.0,996.0,1111.0,4500.0,4372.0,4906.0,5200.0,9975.0,10253.0,11044.0,11746.0,12267.0,9547.0,10245.0,13364.0,5137.0,5915.0,2892.0,3618.0,2246.0,3305.0,2606.0,2577.0,1558.0,1573.0,1755.0,166.0,243.0,249.0,179.0,357.0,394.0,402.0,239.0,268.0,1056.0,1073.0,1204.0,1249.0,1277.0,1119.0,1080.0,267.0,200.0,281.0,86.0,82.0,124.0,817.0,825.0,832.0,1079.0,131.0,87.0,102.0,89.0,90.0,91.0,109.0,178.0,204.0,212.0,232.0,262.0,278.0,316.0,302.0,554.0,577.0,578.0,790.0,715.0,595.0,431.0,685.0,1210.0,1303.0,1318.0,1755.0,1257.0,1593.0,1707.0,1161.0,717.0,644.0,656.0,666.0,726.0,740.0,750.0,720.0,238.0,246.0,246.0,256.0,257.0,59.0,100.0,100.0,100.0,100.0,142.0,142.0,142.0,177.0,191.0,191.0,190.0,227.0,271.0,303.0,339.0,476.0,549.0,680.0,206.0,214.0,376.0,404.0,451.0,456.0,482.0,693.0,700.0,305.0,262.0,250.0,267.0,204.0,77.0,94.0,0.0,0.0,0.0,127.0,127.0,132.0,0.0,0.0,0.0,52.0,98.0,101.0,164.0,176.0,62.0,62.0,190.0,0.0,0.0,0.0,0.0,0.0
RBCRWAJ,11.603887514149577,11.544947613542417,11.419946150289647,11.211791692006663,11.097825631572332,10.959401887186523,11.250405741059584,11.39987296683785,11.38020645676804,11.150256935021021,10.770589389677504,10.632634252003717,10.761407973539281,11.275917301617193,11.525423728813559,11.223131595950894,11.15085890214463,11.370414029158518,10.866298071466812,10.643940875953083,10.868412668538877,10.887423027577741,11.399616135103406,11.564000840948744,11.697647762384133,11.550813042665624,11.843551382447679,11.527893762519053,11.37143065533715,11.390960711864102,11.437426414040086,11.51892472913714,10.908730361605185,11.019364547002224,10.917136040695878,11.220758202983912,11.18044207903495,11.329262254497442,10.691986491439343,10.58278709457734,10.583708425760415,10.740246493494974,10.773785113799466,10.760205219718937,10.404966957416887,10.65232373475564,11.3070447003274,10.758357888207014,10.259711903975456,10.585972821864772,10.389418854871254,10.983850895725407,11.125111750916886,10.363289061869446,10.612447309695018,10.72994559118898,11.14150510153146,10.856215223265302,10.353186842200007,11.083703562375643,11.036407633503822,10.523307785870252,11.617737971381615,10.442203024409366,10.082130563439822,10.39551471533222,10.259976817353866,10.32988946382218,10.123088527737776,10.422083704363311,10.296803652968038,10.659514995844981,10.37983710543107,10.574281181068844,10.838360309781201,11.320915380521553,11.303499055742993,12.026070344982582,14.867406432198607,17.37583910566714,15.997535681281446,17.69125108625571,17.82641553307755,17.923967923967922,16.624365482233504,16.622956308241726,17.6652651249708,16.36554796226102,16.25714684144471,14.992913545252076,14.989239144195468,14.234321827904717,12.007900525205368,6.59823418481056,14.348522605909578,14.310915898617512,13.351141592503016,14.723968297349002,15.091339185333382,15.267629061961625,15.686387916895605,15.683519130756634,15.784416891613674,16.28084973798466,17.08951170867734,16.46376374199447,15.995551848762856,16.395026227998247,16.21529574933846,16.568213848286554,17.026862628657156,17.952641584323885,17.735155018392014,18.371267820871893,18.87541763911951,20.206896770771465,18.892347426705733,19.144491357449837,19.957993817067457,19.568263883442842,19.23228339717849,18.585525767282405,18.70314394521577,18.666553127472582,17.59485872033059,18.135762787628515,18.79915595626319,20.20337505344254,19.482262387010724,19.23756984228022,19.661723598806084,20.788478587324274,20.501950608937168,20.689686601377186,20.92705332519714,21.632842032428915,22.014309301045678,22.289708915883566,23.744354728342685,25.14212110328086,0.0,0.0,0.0,0.0,0.0,0.0,0.0,0.0,0.0,0.0,0.0,0.0,0.0,0.0,0.0,0.0,0.0,0.0,0.0,0.0,0.0,0.0,0.0,0.0
RBCT1J,126952.0,126395.0,125061.0,122503.0,119589.0,116553.0,115339.0,114472.0,113206.0,109047.0,104314.0,98649.0,96813.0,96349.0,95982.0,94424.0,92117.0,90371.0,85206.0,81408.0,80117.0,78494.0,78088.0,77504.0,76797.0,74463.0,73875.0,72266.0,71127.0,69225.0,67815.0,66331.0,64533.0,63676.0,61333.0,59678.0,58126.0,31723.0,30115.0,28630.0,27177.0,24275.0,22965.0,21968.0,20606.0,19338.0,18505.0,17731.0,16684.0,15193.0,14253.0,14115.0,14899.0,10613.0,10685.0,10487.0,10318.0,9379.0,7898.0,7486.0,7412.0,6620.0,6938.0,6164.0,5920.0,5702.0,5439.0,5280.0,5174.0,5148.0,5149.0,4979.0,4862.0,4816.0,4813.0,4727.0,4734.0,4791.0,5785.0,6022.0,5738.0,5857.0,5695.0,5605.0,5564.0,5500.0,5610.0,5451.0,5369.0,5422.0,5418.0,5339.0,4785.0,2487.0,7357.0,7254.0,7184.0,7098.0,6979.0,6841.0,6988.0,6901.0,6669.0,6657.0,6953.0,6855.0,6629.0,6741.0,6678.0,6640.0,6560.0,6394.0,6272.0,6227.0,6122.0,5966.0,5791.0,5686.0,5546.0,5370.0,5252.0,5197.0,5108.0,4906.0,4801.0,4759.0,4665.0,4521.0,4414.0,4322.0,4274.0,4343.0,4232.0,4265.0,4159.0,4020.0,3999.0,4038.0,3944.0,3857.0,3952.0,3827.0,3763.0,3613.0,3729.0,3688.0,3552.0,3438.0,3538.0,3435.0,3387.0,3484.0,3396.0,3522.0,3449.0,3317.0,3241.0,2944.0,2914.0,2945.0,2892.0,3127.0,3056.0,2870.0
P9ASSET,0.0,26.0,26.0,154.0,0.0,0.0,164.0,0.0,0.0,0.0,15.0,0.0,0.0,111.0,0.0,849.0,539.0,0.0,0.0,0.0,0.0,67.0,593.0,0.0,396.0,1006.0,7579.0,4747.0,3195.0,12606.0,6549.0,2305.0,710.0,2795.0,4010.0,4428.0,444.0,74.0,0.0,150.0,150.0,0.0,50.0,6.0,0.0,0.0,0.0,1.0,0.0,0.0,12.0,456.0,1819.0,1.0,22.0,21.0,33.0,30.0,0.0,0.0,500.0,500.0,2.0,25.0,5.0,0.0,14.0,0.0,0.0,0.0,0.0,0.0,0.0,0.0,0.0,0.0,0.0,5.0,1.0,2.0,2.0,0.0,0.0,9.0,4.0,2.0,21.0,0.0,16.0,131.0,149.0,141.0,590.0,748.0,734.0,24.0,11.0,23.0,15.0,93.0,59.0,80.0,305.0,212.0,93.0,190.0,246.0,61.0,157.0,18.0,91.0,31.0,0.0,36.0,87.0,9.0,32.0,25.0,13.0,17.0,0.0,5.0,10.0,5.0,36.0,64.0,14.0,47.0,459.0,303.0,269.0,333.0,80.0,104.0,67.0,5.0,108.0,15.0,149.0,28.0,30.0,28.0,59.0,22.0,26.0,31.0,26.0,16.0,2.0,29.0,14.0,12.0,16.0,3.0,14.0,3.0,0.0,20.0,104.0,53.0,46.0,50.0,10.0,14.0
LNREMULT,56547.0,56445.0,56291.0,55399.0,56783.0,57027.0,54499.0,49647.0,49635.0,49435.0,56753.0,53287.0,45540.0,36243.0,32226.0,19209.0,18219.0,24599.0,22158.0,19984.0,18496.0,17901.0,17630.0,20060.0,20205.0,20362.0,13272.0,12330.0,10357.0,17907.0,16643.0,14789.0,8908.0,9204.0,9885.0,8752.0,9230.0,6046.0,5836.0,5769.0,5450.0,5031.0,5135.0,5449.0,5683.0,5701.0,5952.0,1162.0,1144.0,1129.0,1282.0,1266.0,1255.0,1279.0,1264.0,1045.0,1897.0,1908.0,1260.0,1270.0,1400.0,1400.0,2800.0,2800.0,2800.0,4379.0,4114.0,3695.0,3696.0,3735.0,3697.0,2019.0,1520.0,2306.0,910.0,913.0,913.0,0.0,0.0,0.0,0.0,0.0,0.0,0.0,0.0,0.0,0.0,0.0,0.0,714.0,718.0,723.0,729.0,733.0,738.0,743.0,748.0,752.0,757.0,0.0,0.0,0.0,0.0,0.0,0.0,0.0,0.0,0.0,0.0,0.0,0.0,0.0,0.0,0.0,0.0,0.0,0.0,0.0,0.0,0.0,0.0,395.0,380.0,244.0,164.0,0.0,0.0,0.0,0.0,0.0,0.0,0.0,0.0,0.0,0.0,0.0,0.0,0.0,0.0,0.0,0.0,0.0,0.0,0.0,0.0,0.0,0.0,0.0,0.0,0.0,0.0,0.0,0.0,0.0,0.0,0.0,0.0,0.0,0.0,0.0,0.0,0.0,0.0,0.0
CERT,15545.0,15545.0,15545.0,15545.0,15545.0,15545.0,15545.0,15545.0,15545.0,15545.0,15545.0,15545.0,15545.0,15545.0,15545.0,15545.0,15545.0,15545.0,15545.0,15545.0,15545.0,15545.0,15545.0,15545.0,15545.0,15545.0,15545.0,15545.0,15545.0,15545.0,15545.0,15545.0,15545.0,15545.0,15545.0,15545.0,15545.0,15545.0,15545.0,15545.0,15545.0,15545.0,15545.0,15545.0,15545.0,15545.0,15545.0,15545.0,15545.0,15545.0,15545.0,15545.0,15545.0,15545.0,15545.0,15545.0,15545.0,15545.0,15545.0,15545.0,15545.0,15545.0,15545.0,15545.0,15545.0,15545.0,15545.0,15545.0,15545.0,15545.0,15545.0,15545.0,15545.0,15545.0,15545.0,15545.0,15545.0,15545.0,15545.0,15545.0,15545.0,15545.0,15545.0,15545.0,15545.0,15545.0,15545.0,15545.0,15545.0,15545.0,15545.0,15545.0,15545.0,15545.0,15545.0,15545.0,15545.0,15545.0,15545.0,15545.0,15545.0,15545.0,15545.0,15545.0,15545.0,15545.0,15545.0,15545.0,15545.0,15545.0,15545.0,15545.0,15545.0,15545.0,15545.0,15545.0,15545.0,15545.0,15545.0,15545.0,15545.0,15545.0,15545.0,15545.0,15545.0,15545.0,15545.0,15545.0,15545.0,15545.0,15545.0,15545.0,15545.0,15545.0,15545.0,15545.0,15545.0,15545.0,15545.0,15545.0,15545.0,15545.0,15545.0,15545.0,15545.0,15545.0,15545.0,15545.0,15545.0,15545.0,15545.0,15545.0,15545.0,15545.0,15545.0,15545.0,15545.0,15545.0,15545.0,15545.0,15545.0,15545.0,15545.0,15545.0
BRO,207376.0,182346.0,182570.0,175978.0,176393.0,177094.0,105341.0,106614.0,73928.0,74531.0,62287.0,62653.0,53344.0,53578.0,52132.0,30237.0,30733.0,29825.0,29825.0,11915.0,71951.0,77616.0,76869.0,78061.0,71299.0,163402.0,176107.0,187861.0,173227.0,215935.0,222601.0,236471.0,210418.0,195787.0,193303.0,207997.0,170161.0,121441.0,119221.0,120910.0,104334.0,96608.0,76549.0,39532.0,41555.0,19924.0,17400.0,18342.0,13096.0,17996.0,17431.0,11795.0,13125.0,6842.0,12087.0,15124.0,16615.0,15754.0,17846.0,15345.0,13447.0,13108.0,14869.0,15685.0,19552.0,15298.0,15229.0,16717.0,14941.0,18457.0,12598.0,12327.0,12617.0,13394.0,7766.0,7057.0,7728.0,6123.0,5824.0,1491.0,2588.0,1096.0,200.0,0.0,0.0,0.0,191.0,291.0,291.0,291.0,391.0,773.0,2262.0,2362.0,3474.0,3983.0,5644.0,1000.0,0.0,0.0,0.0,0.0,0.0,0.0,0.0,0.0,0.0,0.0,0.0,0.0,0.0,0.0,0.0,0.0,0.0,0.0,0.0,0.0,0.0,0.0,0.0,0.0,0.0,0.0,0.0,0.0,0.0,0.0,0.0,0.0,0.0,0.0,0.0,0.0,0.0,0.0,0.0,0.0,0.0,0.0,0.0,0.0,0.0,0.0,0.0,0.0,0.0,0.0,0.0,0.0,0.0,0.0,0.0,0.0,0.0,0.0,0.0,0.0,0.0,0.0,0.0,0.0,0.0,0.0
LNRECONS,171883.0,166463.0,162924.0,163490.0,152072.0,150881.0,143911.0,158185.0,147047.0,131715.0,132548.0,112520.0,99193.0,106545.0,97338.0,93768.0,88551.0,78262.0,82100.0,86123.0,75199.0,67135.0,63890.0,70251.0,68206.0,61611.0,61508.0,60312.0,58071.0,63639.0,64170.0,75087.0,61285.0,67039.0,61171.0,56500.0,53958.0,48384.0,49211.0,49667.0,46883.0,43642.0,43327.0,41892.0,35638.0,27702.0,22735.0,27192.0,23453.0,18788.0,13770.0,8804.0,5856.0,4037.0,5137.0,5166.0,4401.0,9725.0,4617.0,3967.0,4910.0,4167.0,4387.0,4120.0,3623.0,3604.0,4746.0,5329.0,5772.0,5658.0,7875.0,6930.0,6679.0,5969.0,6986.0,7248.0,6802.0,4064.0,1840.0,228.0,45.0,157.0,67.0,0.0,0.0,0.0,0.0,0.0,0.0,0.0,0.0,214.0,181.0,439.0,243.0,729.0,697.0,685.0,606.0,556.0,533.0,649.0,218.0,123.0,71.0,644.0,715.0,310.0,231.0,268.0,273.0,268.0,351.0,361.0,328.0,265.0,295.0,117.0,91.0,82.0,524.0,436.0,0.0,0.0,0.0,0.0,0.0,0.0,17.0,37.0,0.0,0.0,0.0,0.0,0.0,0.0,0.0,0.0,0.0,0.0,0.0,0.0,0.0,0.0,0.0,0.0,0.0,0.0,0.0,0.0,0.0,0.0,0.0,0.0,0.0,0.0,0.0,0.0,0.0,0.0,0.0,0.0,0.0,0.0
EQTOT,130633.0,132210.0,128831.0,125570.0,123148.0,116305.0,117597.0,117077.0,113896.0,109135.0,107780.0,106549.0,111699.0,111740.0,111771.0,109564.0,108728.0,107111.0,101676.0,96676.0,95925.0,94709.0,94017.0,92845.0,91425.0,88832.0,88676.0,87178.0,87018.0,85320.0,84169.0,81843.0,79633.0,80898.0,78837.0,76490.0,74161.0,35593.0,33823.0,32563.0,30870.0,27897.0,26733.0,25508.0,24073.0,22838.0,22060.0,21353.0,20312.0,18799.0,17652.0,17483.0,18108.0,13858.0,14005.0,13887.0,13739.0,12694.0,11144.0,10488.0,10375.0,9549.0,9252.0,8250.0,8220.0,8881.0,8898.0,9069.0,8858.0,8746.0,8627.0,8542.0,8402.0,8341.0,8150.0,8180.0,8270.0,8383.0,6343.0,6517.0,6303.0,6474.0,6242.0,6353.0,6324.0,6394.0,6581.0,6429.0,6374.0,6504.0,6524.0,6445.0,6348.0,2587.0,7417.0,7336.0,7199.0,6984.0,6800.0,6668.0,6818.0,6809.0,6595.0,6673.0,6994.0,6899.0,6642.0,6754.0,6688.0,6644.0,6551.0,6377.0,6263.0,6205.0,6093.0,5959.0,5811.0,5700.0,5556.0,5340.0,5167.0,5141.0,5065.0,4926.0,4801.0,4759.0,4665.0,4521.0,4414.0,4322.0,4274.0,4343.0,4232.0,4265.0,4159.0,4020.0,3999.0,4038.0,3944.0,3857.0,3952.0,3827.0,3763.0,3613.0,3729.0,3688.0,3552.0,3438.0,3538.0,3435.0,3387.0,3484.0,3396.0,3522.0,3449.0,3317.0,3241.0,2944.0,2914.0,2946.0,2892.0,3127.0,3056.0,2870.0
ID,,,,,,,,,,,,,,,,,,,,,,,,,,,,,,,,,,,,,,,,,,,,,,,,,,,,,,,,,,,,,,,,,,,,,,,,,,,,,,,,,,,,,,,,,,,,,,,,,,,,,,,,,,,,,,,,,,,,,,,,,,,,,,,,,,,,,,,,,,,,,,,,,,,,,,,,,,,,,,,,,,,,
Investment securities,99953.0,102686.0,109650.0,101902.0,105495.0,103918.0,110443.0,111903.0,121746.0,113488.0,125782.0,145343.0,137471.0,159872.0,176340.0,158441.0,110103.0,66353.0,73880.0,75107.0,110666.0,118050.0,77543.0,86122.0,88214.0,90973.0,96633.0,99171.0,103647.0,106508.0,117036.0,147342.0,120918.0,123612.0,136481.0,133527.0,98282.0,46413.0,37582.0,43075.0,31349.0,32205.0,35616.0,39769.0,4402.0,4194.0,4795.0,12532.0,5474.0,5337.0,6604.0,7825.0,8475.0,6904.0,7348.0,17856.0,8061.0,11083.0,14248.0,14132.0,13628.0,14379.0,14689.0,15773.0,12396.0,12926.0,13844.0,11161.0,8563.0,8915.0,9292.0,9800.0,10165.0,10576.0,11105.0,11623.0,12100.0,12807.0,13438.0,14009.0,15263.0,16103.0,17459.0,17210.0,13587.0,12704.0,11438.0,11292.0,7007.0,5315.0,6307.0,6410.0,6704.0,7448.0,8877.0,10936.0,15203.0,15631.0,16224.0,17551.0,17654.0,17299.0,16050.0,14295.0,11708.0,12563.0,12986.0,12720.0,13113.0,12905.0,12337.0,11006.0,10871.0,11009.0,11902.0,12046.0,11482.0,11850.0,12955.0,12993.0,12775.0,11345.0,11048.0,10872.0,11327.0,11826.0,12475.0,11813.0,11035.0,10351.0,9891.0,9090.0,7661.0,6382.0,6861.0,7262.0,6534.0,7332.0,7531.0,7930.0,8329.0,8778.0,9376.0,10209.0,11058.0,12122.0,13161.0,13609.0,15089.0,13849.0,14689.0,15107.0,14697.0,13890.0,13465.0,13368.0,12390.0,10509.0,10310.0,9928.0,9445.0,9975.0,9789.0,9021.0
Investments/Assets,7.0,8.0,8.0,8.0,8.0,8.0,9.0,9.0,10.0,10.0,11.0,13.0,12.0,15.0,16.0,15.0,11.0,7.0,8.0,8.0,12.0,13.0,9.0,11.0,11.0,11.0,12.0,13.0,13.0,14.0,16.0,19.0,16.0,17.0,19.0,19.0,15.0,14.0,11.0,13.0,10.0,11.0,13.0,15.0,2.0,2.0,2.0,6.0,3.0,3.0,4.0,5.0,5.0,6.0,6.0,15.0,7.0,10.0,14.0,15.0,15.0,17.0,17.0,18.0,14.0,15.0,17.0,15.0,11.0,12.0,12.0,14.0,14.0,15.0,16.0,18.0,18.0,20.0,22.0,26.0,27.0,30.0,32.0,32.0,25.0,23.0,22.0,21.0,13.0,10.0,12.0,11.0,10.0,12.0,13.0,15.0,20.0,22.0,24.0,25.0,25.0,26.0,25.0,22.0,20.0,21.0,22.0,21.0,21.0,22.0,21.0,20.0,21.0,22.0,24.0,25.0,25.0,26.0,30.0,29.0,30.0,27.0,27.0,26.0,27.0,30.0,32.0,30.0,29.0,29.0,29.0,27.0,24.0,21.0,23.0,25.0,23.0,27.0,29.0,31.0,33.0,36.0,38.0,43.0,46.0,50.0,55.0,57.0,60.0,57.0,61.0,63.0,63.0,61.0,60.0,65.0,60.0,55.0,55.0,52.0,50.0,53.0,54.0,50.0
Loan-to-Deposit Ratio,111.0,115.0,114.0,113.0,114.0,116.0,123.0,114.0,124.0,116.0,114.0,102.0,104.0,102.0,99.0,102.0,109.0,115.0,115.0,115.0,103.0,102.0,106.0,106.0,109.0,108.0,103.0,101.0,107.0,102.0,95.0,89.0,96.0,98.0,97.0,89.0,95.0,98.0,101.0,98.0,107.0,100.0,103.0,96.0,107.0,117.0,107.0,105.0,115.0,110.0,109.0,103.0,112.0,103.0,105.0,94.0,106.0,104.0,99.0,99.0,107.0,103.0,103.0,92.0,106.0,111.0,100.0,95.0,103.0,99.0,112.0,99.0,103.0,100.0,103.0,97.0,94.0,95.0,93.0,82.0,82.0,79.0,75.0,70.0,79.0,79.0,78.0,74.0,81.0,90.0,88.0,83.0,85.0,84.0,97.0,93.0,96.0,93.0,89.0,81.0,79.0,83.0,74.0,71.0,78.0,80.0,80.0,76.0,76.0,77.0,75.0,71.0,78.0,81.0,77.0,69.0,75.0,73.0,73.0,68.0,74.0,72.0,73.0,70.0,73.0,77.0,73.0,63.0,66.0,70.0,71.0,69.0,72.0,78.0,78.0,76.0,72.0,75.0,72.0,67.0,68.0,67.0,60.0,54.0,52.0,51.0,45.0,42.0,37.0,37.0,36.0,31.0,31.0,30.0,27.0,31.0,29.0,31.0,36.0,42.0,45.0,45.0,43.0,45.0
Brokered Deposits/Total Deposits,19.3,17.7,17.7,17.1,17.5,18.1,11.8,11.5,8.8,8.4,7.0,6.6,5.9,6.0,5.9,3.5,3.9,4.0,4.0,1.7,9.8,10.8,11.4,11.8,11.3,26.1,27.5,28.9,28.3,35.1,34.6,35.6,34.1,32.7,33.9,34.8,30.6,41.8,42.0,42.3,40.2,39.1,33.6,17.0,20.8,11.8,10.2,11.2,8.6,12.4,12.8,9.1,11.2,6.8,12.6,15.5,18.2,18.7,22.5,21.4,20.9,20.9,24.1,23.8,32.6,27.0,25.8,27.6,26.1,31.9,24.4,22.9,24.5,26.2,16.5,14.9,15.8,13.4,12.9,3.5,6.0,2.7,0.5,0.0,0.0,0.0,0.5,0.7,0.7,0.7,0.9,1.7,4.5,4.2,6.0,6.8,9.7,1.9,0.0,0.0,0.0,0.0,0.0,0.0,0.0,0.0,0.0,0.0,0.0,0.0,0.0,0.0,0.0,0.0,0.0,0.0,0.0,0.0,0.0,0.0,0.0,0.0,0.0,0.0,0.0,0.0,0.0,0.0,0.0,0.0,0.0,0.0,0.0,0.0,0.0,0.0,0.0,0.0,0.0,0.0,0.0,0.0,0.0,0.0,0.0,0.0,0.0,0.0,0.0,0.0,0.0,0.0,0.0,0.0,0.0,0.0,0.0,0.0,0.0,0.0,0.0,0.0,0.0,0.0
Borrowings/Assets,8.4,11.0,10.9,9.8,11.4,13.2,18.1,12.4,19.9,14.9,14.4,7.2,7.7,8.1,8.3,8.5,9.6,10.1,11.6,11.8,7.1,7.0,6.6,7.3,9.8,10.3,6.8,5.1,10.9,8.3,2.9,2.8,5.5,7.8,9.8,2.8,3.0,4.5,4.6,4.6,8.5,4.8,8.1,5.1,5.5,9.8,5.2,5.9,10.5,7.6,7.7,4.4,12.6,5.6,6.6,6.6,7.8,10.5,11.2,12.2,19.5,16.8,17.5,14.4,20.1,21.9,16.5,9.1,13.5,10.3,20.2,12.0,16.5,13.8,17.9,14.8,14.2,14.1,14.4,9.2,12.2,11.1,6.4,6.5,8.4,10.4,6.7,6.4,6.6,6.8,6.6,6.1,13.7,5.5,5.4,9.5,14.3,12.1,9.5,8.0,12.0,9.4,3.8,2.3,0.0,0.0,0.0,0.0,0.0,0.0,0.0,0.0,0.0,0.0,0.0,0.0,0.0,0.0,0.0,0.0,0.0,0.0,0.0,0.0,0.0,0.0,0.0,0.0,0.0,0.0,0.0,0.0,0.0,0.0,0.0,0.0,0.0,0.0,0.0,0.0,0.4,0.4,0.4,0.4,0.5,0.5,0.5,0.5,0.5,0.5,0.6,0.5,0.6,0.0,0.0,0.0,0.0,0.0,0.0,0.0,0.0,0.0,0.0,0.0
Non-Owner Occupied Commercial Real Estate/Total Capital,278.0,279.0,278.0,291.0,293.0,302.0,297.0,290.0,281.0,281.0,291.0,284.0,272.0,264.0,250.0,238.0,237.0,217.0,236.0,248.0,229.0,213.0,197.0,210.0,208.0,210.0,198.0,206.0,203.0,208.0,215.0,227.0,201.0,186.0,183.0,182.0,181.0,274.0,312.0,324.0,321.0,328.0,289.0,297.0,289.0,269.0,265.0,245.0,241.0,225.0,189.0,141.0,129.0,152.0,157.0,132.0,131.0,184.0,153.0,152.0,176.0,173.0,195.0,215.0,230.0,232.0,242.0,251.0,264.0,238.0,273.0,266.0,,,,,,,,,,,,,,,,,,,,,,,,,,,,,,,,,,,,,,,,,,,,,,,,,,,,,,,,,,,,,,,,,,,,,,,,,,,,,,,,,,,,,,,,,,,,
Annualized Earnings (Pre-Tax),15062.0,14265.333333333334,12914.0,12116.0,12919.0,13072.0,13612.0,13352.0,17627.0,17772.0,16910.0,15580.0,17319.0,17845.333333333332,19124.0,19936.0,16721.0,16420.0,14140.0,9476.0,10157.0,9737.333333333334,9796.0,9820.0,10224.0,8901.333333333334,9890.0,9328.0,9411.0,8684.0,8304.0,7520.0,10781.0,12062.666666666666,11756.0,11168.0,12000.0,6193.333333333333,6000.0,5916.0,5180.0,5002.666666666667,4804.0,5528.0,3906.0,3824.0,3724.0,4240.0,2066.0,2013.3333333333333,1620.0,1620.0,899.0,822.6666666666667,740.0,680.0,130.0,-41.333333333333336,-28.0,-708.0,826.0,1052.0,1022.0,1040.0,1241.0,1285.3333333333335,1014.0,1140.0,821.0,820.0,820.0,520.0,785.0,788.0,836.0,896.0,408.0,290.66666666666663,1118.0,1940.0,656.0,648.0,682.0,472.0,826.0,494.66666666666663,482.0,404.0,575.0,589.3333333333334,656.0,708.0,-6741.0,-8777.333333333334,504.0,400.0,740.0,784.0,792.0,704.0,438.0,498.6666666666667,108.0,204.0,367.0,445.33333333333337,218.0,740.0,587.0,773.3333333333333,872.0,772.0,752.0,885.3333333333333,974.0,1040.0,860.0,902.6666666666667,928.0,784.0,725.0,797.3333333333333,890.0,564.0,542.0,581.3333333333333,618.0,540.0,287.0,213.33333333333334,176.0,540.0,477.0,564.0,602.0,600.0,491.0,616.0,620.0,596.0,626.0,598.6666666666666,684.0,524.0,601.0,656.0,652.0,592.0,437.0,448.0,422.0,408.0,453.0,517.3333333333334,582.0,540.0,406.0,134.66666666666666,62.0,236.0,0.0,326.66666666666663,386.0,136.0
Annualized Earnings (Tax-Adjusted),14613.0,13808.0,12444.0,11656.0,12563.0,12702.666666666668,13264.0,13064.0,17059.0,17200.0,16334.0,15008.0,16981.0,17530.666666666668,18810.0,19620.0,16407.0,16105.333333333332,13826.0,9160.0,9838.0,9416.0,9518.0,9544.0,9946.0,8624.0,9612.0,9052.0,9097.0,8380.0,8006.0,7212.0,10495.0,11781.333333333334,11478.0,10892.0,11751.0,6061.333333333333,5876.0,5812.0,5071.0,4892.0,4718.0,5444.0,3811.0,3724.0,3614.0,4160.0,1999.0,1954.6666666666665,1566.0,1564.0,871.0,789.3333333333333,706.0,648.0,128.0,-72.0,-56.0,-732.0,796.0,1022.6666666666667,996.0,1012.0,1211.0,1254.6666666666667,984.0,1108.0,793.0,794.6666666666667,796.0,496.0,762.0,764.0,812.0,864.0,398.0,284.0,708.0,1264.0,446.0,421.33333333333337,446.0,352.0,598.0,376.0,370.0,324.0,434.0,442.66666666666663,488.0,520.0,-4404.0,-7594.666666666667,346.0,284.0,466.0,506.66666666666663,522.0,492.0,365.0,369.33333333333337,92.0,136.0,275.0,310.6666666666667,16.0,476.0,406.0,490.66666666666663,576.0,488.0,481.0,581.3333333333333,662.0,696.0,539.0,578.6666666666666,588.0,472.0,451.0,528.0,614.0,420.0,387.0,460.0,502.0,428.0,182.0,120.0,82.0,444.0,313.0,461.3333333333333,480.0,404.0,247.0,381.33333333333337,384.0,420.0,417.0,389.3333333333333,456.0,312.0,391.0,466.66666666666663,428.0,400.0,322.0,292.0,318.0,308.0,317.0,362.66666666666663,416.0,304.0,354.0,76.0,54.0,236.0,0.0,326.66666666666663,220.0,80.0
Allowance/Loans,1.22,0.88,0.53,0.25,1.09,0.84,0.6,0.31,1.63,1.26,0.81,0.39,1.8,1.46,1.06,0.56,1.92,1.4,0.8,0.29,1.31,0.96,0.67,0.34,1.44,0.95,0.73,0.35,1.39,1.0,0.66,0.31,1.77,1.5,1.04,0.51,2.23,1.59,1.02,0.52,1.83,1.48,1.01,0.61,1.78,1.42,0.99,0.6,1.13,0.92,0.53,0.29,0.66,0.57,0.35,0.18,0.13,-0.06,-0.04,-0.26,1.15,1.18,0.79,0.42,1.9,1.5,0.83,0.48,1.34,1.04,0.69,0.23,1.44,1.13,0.84,0.47,0.86,0.49,0.84,0.91,1.25,0.97,0.72,0.29,1.79,0.84,0.57,0.25,1.25,0.89,0.65,0.34,-10.39,-12.0,0.31,0.13,0.84,0.78,0.55,0.27,0.84,0.63,0.11,0.09,0.68,0.55,0.02,0.29,0.98,0.91,0.75,0.35,1.36,1.27,1.01,0.61,1.78,1.5,1.07,0.44,1.68,1.48,1.16,0.41,1.44,1.34,1.02,0.5,0.83,0.41,0.19,0.55,1.57,1.68,1.19,0.54,1.43,1.64,1.21,0.73,2.91,2.16,1.86,0.72,3.81,3.44,2.39,1.19,4.17,2.91,2.19,1.23,5.29,4.85,4.18,1.44,6.96,1.15,0.49,0.89,0.0,3.52,1.69,0.3
Annualized Losses/Loans,0.0,0.0,-0.0,-0.0,-0.0,-0.0,-0.0,-0.0,0.0,0.0,0.01,-0.02,0.06,0.08,0.12,0.25,0.01,0.01,0.02,0.1,0.27,0.33,0.37,0.47,0.2,0.28,0.19,0.34,0.4,0.38,0.48,0.43,0.32,0.12,0.18,0.33,0.05,0.01,-0.01,-0.01,0.06,-0.01,-0.01,-0.02,0.01,-0.0,0.09,0.19,0.0,0.02,0.01,0.01,0.15,0.12,0.18,0.04,-0.04,-0.07,-0.11,-0.01,0.27,0.43,-0.03,-0.03,0.02,0.0,0.0,-0.01,-0.01,-0.05,-0.04,-0.06,0.03,-0.06,-0.08,-0.01,-0.03,-0.03,-0.2,-0.25,-0.24,-0.37,-0.51,-0.38,-0.12,0.17,0.05,0.07,-0.69,0.1,-0.02,-0.07,15.28,18.03,0.07,0.04,0.12,0.2,-0.02,-0.15,0.5,0.4,0.32,-0.15,1.03,1.05,1.34,0.12,0.32,0.24,0.0,-0.02,0.07,0.09,-0.12,-0.08,0.15,0.11,-0.7,-0.48,0.35,0.39,0.05,-1.71,0.4,0.54,0.63,1.57,0.52,0.72,1.23,0.66,1.22,-0.04,0.54,2.13,0.33,0.12,0.21,-0.06,0.02,0.27,-0.21,-0.74,0.69,-0.58,-0.65,-1.24,1.43,1.81,3.47,0.64,1.27,2.33,2.45,0.76,4.62,6.95,6.84,1.75,6.87,2.84,-0.52,-0.71
90 Days Past Due & Nonaccrual Loans,1192.0,1331.0,1396.0,1212.0,1339.0,598.0,624.0,532.0,542.0,1993.0,478.0,1086.0,996.0,1222.0,4500.0,5221.0,5445.0,5200.0,9975.0,10253.0,11044.0,11813.0,12860.0,9547.0,10641.0,14370.0,12716.0,10662.0,6087.0,16224.0,8795.0,5610.0,3316.0,5372.0,5568.0,6001.0,2199.0,240.0,243.0,399.0,329.0,357.0,444.0,408.0,239.0,268.0,1056.0,1074.0,1204.0,1249.0,1289.0,1575.0,2899.0,268.0,222.0,302.0,119.0,112.0,124.0,817.0,1325.0,1332.0,1081.0,156.0,92.0,102.0,103.0,90.0,91.0,109.0,178.0,204.0,212.0,232.0,262.0,278.0,316.0,307.0,555.0,579.0,580.0,790.0,715.0,604.0,435.0,687.0,1231.0,1303.0,1334.0,1886.0,1406.0,1734.0,2297.0,1909.0,1451.0,668.0,667.0,689.0,741.0,833.0,809.0,800.0,543.0,458.0,339.0,446.0,503.0,120.0,257.0,118.0,191.0,131.0,142.0,178.0,229.0,186.0,223.0,216.0,203.0,244.0,271.0,308.0,349.0,481.0,585.0,744.0,220.0,261.0,835.0,707.0,720.0,789.0,562.0,797.0,767.0,310.0,370.0,265.0,416.0,232.0,107.0,122.0,59.0,22.0,26.0,158.0,153.0,148.0,2.0,29.0,14.0,64.0,114.0,104.0,178.0,179.0,62.0,82.0,294.0,53.0,46.0,50.0,10.0,14.0
(90 Days Past Due + Nonaccrual + REO) / (Capital + Allowance),0.9,1.1,1.1,1.0,1.1,0.5,0.5,0.5,0.5,1.9,0.5,1.1,0.9,1.1,4.2,5.1,5.3,5.3,10.5,11.6,12.6,13.8,15.2,11.6,13.0,18.1,15.9,13.8,8.0,21.3,11.9,8.0,4.9,7.7,8.3,9.2,3.6,0.7,0.7,1.3,1.1,1.3,1.7,1.7,6.1,6.6,10.8,11.4,15.9,18.2,21.1,23.5,22.5,8.5,8.1,8.9,7.4,8.1,9.9,10.9,18.0,20.6,16.9,2.9,1.7,2.0,2.0,1.7,2.0,3.0,3.4,3.9,4.1,4.5,5.2,6.2,6.8,5.8,7.7,7.8,14.6,17.1,16.4,14.4,12.3,15.0,21.4,22.7,24.0,24.6,18.2,22.7,30.5,52.3,17.6,8.2,8.4,8.9,9.8,11.3,10.8,10.6,7.4,6.3,4.5,6.0,6.9,1.6,3.5,1.6,2.6,1.9,2.1,2.6,3.4,2.8,3.5,3.5,3.3,4.2,5.2,5.9,6.7,9.1,11.2,14.4,4.3,5.3,17.2,15.0,15.6,17.2,12.5,17.2,17.2,7.6,9.0,6.5,16.1,12.0,8.8,9.5,8.0,7.3,7.3,10.6,10.5,10.7,6.8,7.6,7.4,8.4,10.0,9.7,12.9,13.2,5.5,6.8,9.4,1.7,1.5,1.5,0.3,0.5
Tax Rate (%),2.98,3.21,3.64,3.8,2.76,2.83,2.56,2.16,3.22,3.22,3.41,3.67,1.95,1.76,1.64,1.59,1.88,1.92,2.22,3.33,3.14,3.3,2.84,2.81,2.72,3.12,2.81,2.96,3.34,3.5,3.59,4.1,2.65,2.33,2.36,2.47,2.08,2.13,2.07,1.76,2.1,2.21,1.79,1.52,2.43,2.62,2.95,1.89,3.24,2.91,3.33,3.46,3.11,4.05,4.59,4.71,1.54,-74.19,-100.0,-3.39,3.63,2.79,2.54,2.69,2.42,2.39,2.96,2.81,3.41,3.09,2.93,4.62,2.93,3.05,2.87,3.57,2.45,2.29,36.67,34.85,32.01,34.98,34.6,25.42,27.6,23.99,23.24,19.8,24.52,24.89,25.61,26.55,34.67,13.47,31.35,29.0,37.03,35.37,34.09,30.11,16.67,25.94,14.81,33.33,25.07,30.24,92.66,35.68,30.83,36.55,33.94,36.79,36.04,34.34,32.03,33.08,37.33,35.89,36.64,39.8,37.79,33.78,31.01,25.53,28.6,20.87,18.77,20.74,36.59,43.75,53.41,17.78,34.38,18.2,20.27,32.67,49.69,38.1,38.06,29.53,33.39,34.97,33.33,40.46,34.94,28.86,34.36,32.43,26.32,34.82,24.64,24.51,30.02,29.9,28.52,43.7,12.81,43.56,12.9,0.0,,0.0,43.01,41.18
Post Tax Percent Return (%),97.02,96.79,96.36,96.2,97.24,97.17,97.44,97.84,96.78,96.78,96.59,96.33,98.05,98.24,98.36,98.41,98.12,98.08,97.78,96.67,96.86,96.7,97.16,97.19,97.28,96.88,97.19,97.04,96.66,96.5,96.41,95.9,97.35,97.67,97.64,97.53,97.92,97.87,97.93,98.24,97.9,97.79,98.21,98.48,97.57,97.38,97.05,98.11,96.76,97.09,96.67,96.54,96.89,95.95,95.41,95.29,98.46,174.19,200.0,103.39,96.37,97.21,97.46,97.31,97.58,97.61,97.04,97.19,96.59,96.91,97.07,95.38,97.07,96.95,97.13,96.43,97.55,97.71,63.33,65.15,67.99,65.02,65.4,74.58,72.4,76.01,76.76,80.2,75.48,75.11,74.39,73.45,65.33,86.53,68.65,71.0,62.97,64.63,65.91,69.89,83.33,74.06,85.19,66.67,74.93,69.76,7.34,64.32,69.17,63.45,66.06,63.21,63.96,65.66,67.97,66.92,62.67,64.11,63.36,60.2,62.21,66.22,68.99,74.47,71.4,79.13,81.23,79.26,63.41,56.25,46.59,82.22,65.62,81.8,79.73,67.33,50.31,61.9,61.94,70.47,66.61,65.03,66.67,59.54,65.06,71.14,65.64,67.57,73.68,65.18,75.36,75.49,69.98,70.1,71.48,56.3,87.19,56.44,87.1,100.0,,100.0,56.99,58.82
